Metric,LLM_Value,SIR_Value,Difference
峰值感染者比例,0.2,0.8,-0.6000000000000001
峰值时间,0.0,2.0,-2.0
最终感染者比例,0.09,0.037000000000000005,0.05299999999999999
最终恢复者比例,0.18,0.9630000000000001,-0.7830000000000001
MSE_S,,,0.492058625
MSE_I,,,0.07994974999999999
MSE_R,,,0.31671550000000004
