Parameter,Value
beta,0.24999999999999992
gamma,0.20183486238532114
R0,1.238636363636363
