Parameter,Value
beta,0.16666666666666682
gamma,0.10622710622710622
R0,1.5689655172413808
