{
  "总用户数": 994,
  "总消息数": 4973,
  "谣言消息数": 2903,
  "官方消息数": 994,
  "更正消息数": 1076,
  "谣言传播率": 0.93158953722334,
  "辟谣效果": 0.008639308855291577,
  "辟谣机器人是否激活": true,
  "模拟时间步数": 5
}