Metric,LLM_Value,SIR_Value,Difference
峰值感染者比例,0.35,0.861,-0.511
峰值时间,5.0,2.0,3.0
最终感染者比例,0.24,0.21700000000000003,0.022999999999999965
最终恢复者比例,0.23,0.7830000000000001,-0.5530000000000002
MSE_S,,,0.255263375
MSE_I,,,0.065873375
MSE_R,,,0.146547
