Parameter,Value
beta,0.19047619047619066
gamma,0.0994764397905759
R0,1.9147869674185487
